epoch,train_loss_step,step,train_acc_step
0,0.45269814133644104,49,0.875
0,0.2918853163719177,99,1.0
